Name,h,width,Area,Uwinter,HF,Q_winter,Usummer,CF,Qsummer
Walls,2.5,50,107.5,0,0,0,0.43528869677,5.14337124104,552.912408412
Ceiling,11.0,14,154.0,0,0,0,0.3,3.0876,475.4904
Doors,2.2,1,2.2,0,0,0,1.65562913907,19.5629139073,43.038410596
