Name,h,width,Area,Uwinter,HF,Q_winter,Usummer,CF,Qsummer
Walls,2.5,50,107.5,0.515496950369,12.7843243692,1374.31486968,0,0,0
Ceiling,11.0,14,154.0,0.3,7.44,1145.76,0,0,0
Doors,2.2,1,2.2,1.69491525424,42.0338983051,92.4745762712,0,0,0
