Name,h,width,Area,Uwinter,HF,Q_winter,Usummer,CF,Qsummer
Walls,2.4,60,105.8,0.314067489774,7.7888737464,824.062842369,0,0,0
Ceiling,10.0,20,200.0,0.25,6.2,1240.0,0,0,0
Doors,2.2,1,2.2,1.69491525424,42.0338983051,92.4745762712,0,0,0
