U;Heating;Cooling
U_wall;0.229598006966;0.228824350802
